change_field_id,change_field_name,table_id,description
1,config_id,1,
2,config_name,1,
3,code_id,1,
4,value,1,
5,description,1,
6,sys_log_level_id,2,
7,level_name,2,
8,code_id,2,
9,description,2,
10,sys_log_status_id,3,
11,status_name,3,
12,code_id,3,
13,description,3,
14,action,3,
15,sys_log_function_id,4,
16,sys_log_function_name,4,
17,code_id,4,
18,description,4,
19,sys_log_id,5,
20,sys_log_time,5,
21,user_id,5,
22,sys_log_function_id,5,
23,sys_log_trace,5,
24,sys_log_level_id,5,
25,sys_log_update_time,5,
26,sys_log_text,5,
27,sys_log_description,5,
28,solver_id,5,
29,sys_log_status_id,5,
30,change_action_id,6,
31,code_id,6,
32,description,6,
33,type_name,6,
34,numeric_value,7,
35,user_profile_id,17,
36,user_profile_name,17,
37,code_id,17,
38,description,17,
39,right_level,17,
40,user_type_id,18,
41,type_name,18,
42,code_id,18,
43,description,18,
44,user_status_id,19,
45,user_status_name,19,
46,code_id,19,
47,description,19,
48,user_official_type_id,20,
49,type_name,20,
50,code_id,20,
51,description,20,
52,user_id,21,
53,user_name,21,
54,ip_address,21,
55,password,21,'the final solution should be to log only the time of the password change without saving the hash in the log due to security reasons'
56,description,21,
57,code_id,21,
58,user_profile_id,21,
59,user_type_id,21,
60,excluded,21,
61,right_level,21,
62,email,21,
63,email_status,21,
64,email_alternative,21,
65,mobile_number,21,
66,mobile_status,21,
67,activation_key,21,
68,activation_timeout,21,
69,first_name,21,
70,last_name,21,
71,name_triple_id,21,
72,geo_triple_id,21,
73,geo_status_id,21,
74,official_id,21,
75,official_id_type,21,
76,official_id_status,21,
77,term_id,21,
78,view_id,21,
79,source_id,21,
80,user_status_id,21,
81,uses_sandbox,21,
82,created,21,
83,last_login,21,
84,last_logoff,21,
85,language_id,22,
86,language_name,22,
87,code_id,22,
88,description,22,
89,wikimedia_code,22,
90,local_name,22,
91,usage,22,
92,language_form_id,23,
93,language_form_name,23,
94,code_id,23,
95,description,23,
96,language_id,23,
97,protection_type_id,24,
98,type_name,24,
99,code_id,24,
100,description,24,
101,share_type_id,25,
102,type_name,25,
103,code_id,25,
104,description,25,
105,phrase_type_id,26,
106,type_name,26,
107,code_id,26,
108,description,26,
109,symbol,26,
110,word_id,27,
111,user_id,27,
112,word_name,27,
113,plural,27,
114,description,27,
115,phrase_type_id,27,
116,view_id,27,
117,usage,27,
118,impact,27,
119,inactive,27,
120,code_id,27,
121,excluded,27,
122,share_type_id,27,
123,protect_id,27,
124,word_id,28,
125,user_id,28,
126,language_id,28,
127,word_name,28,
128,plural,28,
129,description,28,
130,phrase_type_id,28,
131,view_id,28,
132,usage,28,
133,impact,28,
134,excluded,28,
135,share_type_id,28,
136,protect_id,28,
137,values,28,
138,code_id,28,
139,verb_id,29,
140,verb_name,29,
141,code_id,29,
142,description,29,
143,condition_type,29,
144,formula_name,29,
145,name_plural_reverse,29,
146,name_plural,29,
147,name_reverse,29,
148,usage,29,
149,impact,29,
150,words,29,
151,triple_id,30,
152,from_phrase_id,30,
153,verb_id,30,
154,to_phrase_id,30,
155,user_id,30,
156,triple_name,30,
157,name_given,30,
158,name_generated,30,
159,description,30,
160,weight,30,
161,triple_condition_id,30,
162,phrase_type_id,30,
163,view_id,30,
164,usage,30,
165,impact,30,
166,inactive,30,
167,code_id,30,
168,excluded,30,
169,share_type_id,30,
170,protect_id,30,
171,values,30,
172,triple_id,31,
173,user_id,31,
174,language_id,31,
175,triple_name,31,
176,name_given,31,
177,name_generated,31,
178,description,31,
179,weight,31,
180,triple_condition_id,31,
181,phrase_type_id,31,
182,view_id,31,
183,usage,31,
184,impact,31,
185,excluded,31,
186,share_type_id,31,
187,protect_id,31,
188,values,31,
189,source_type_id,32,
190,type_name,32,
191,code_id,32,
192,description,32,
193,source_id,33,
194,user_id,33,
195,source_name,33,
196,description,33,
197,source_type_id,33,
198,view_id,33,
199,url,33,
200,doi,33,
201,code_id,33,
202,usage,33,
203,excluded,33,
204,share_type_id,33,
205,protect_id,33,
206,source_id,34,
207,user_id,34,
208,source_name,34,
209,description,34,
210,source_type_id,34,
211,view_id,34,
212,url,34,
213,doi,34,
214,code_id,34,
215,usage,34,
216,excluded,34,
217,share_type_id,34,
218,protect_id,34,
219,ref_type_id,35,
220,type_name,35,
221,code_id,35,
222,description,35,
223,base_url,35,
224,ref_id,36,
225,user_id,36,
226,external_key,36,
227,url,36,
228,source_id,36,
229,description,36,
230,phrase_id,36,
231,ref_type_id,36,
232,impact,36,
233,last_update,36,
234,excluded,36,
235,share_type_id,36,
236,protect_id,36,
237,ref_id,37,
238,user_id,37,
239,external_key,37,
240,url,37,
241,source_id,37,
242,description,37,
243,excluded,37,
244,share_type_id,37,
245,protect_id,37,
246,phrase_id,37,
247,ref_type_id,37,
248,group_id,38,
249,user_id,38,
250,group_name,38,
251,description,38,
252,group_id,39,
253,user_id,39,
254,group_name,39,
255,description,39,
256,group_id,40,
257,user_id,40,
258,group_name,40,
259,description,40,
260,group_id,41,
261,user_id,41,
262,group_name,41,
263,description,41,
264,group_id,42,
265,user_id,42,
266,group_name,42,
267,description,42,
268,group_id,43,
269,user_id,43,
270,group_name,43,
271,description,43,
272,group_name,44,
273,phrase_id_1,45,
274,phrase_id_2,45,
275,phrase_id_3,45,
276,phrase_id_4,45,
277,numeric_value,45,
278,source_id,45,
279,group_id,46,
280,numeric_value,46,
281,source_id,46,
282,group_id,47,
283,numeric_value,47,
284,source_id,47,
285,last_update,47,
286,user_id,47,
287,excluded,47,
288,share_type_id,47,
289,protect_id,47,
290,time_value,47,
291,text_value,47,
292,geo_value,47,
293,group_id,48,
294,user_id,48,
295,numeric_value,48,
296,source_id,48,
297,last_update,48,
298,excluded,48,
299,share_type_id,48,
300,protect_id,48,
301,phrase_id_1,49,
302,phrase_id_2,49,
303,phrase_id_3,49,
304,phrase_id_4,49,
305,numeric_value,49,
306,source_id,49,
307,last_update,49,
308,user_id,49,
309,excluded,49,
310,share_type_id,49,
311,protect_id,49,
312,phrase_id_1,50,
313,phrase_id_2,50,
314,phrase_id_3,50,
315,phrase_id_4,50,
316,user_id,50,
317,numeric_value,50,
318,source_id,50,
319,last_update,50,
320,excluded,50,
321,share_type_id,50,
322,protect_id,50,
323,group_id,51,
324,numeric_value,51,
325,source_id,51,
326,last_update,51,
327,user_id,51,
328,excluded,51,
329,share_type_id,51,
330,protect_id,51,
331,group_id,52,
332,user_id,52,
333,numeric_value,52,
334,source_id,52,
335,last_update,52,
336,excluded,52,
337,share_type_id,52,
338,protect_id,52,
339,numeric_value,53,
340,phrase_id_1,54,
341,phrase_id_2,54,
342,phrase_id_3,54,
343,phrase_id_4,54,
344,text_value,54,
345,source_id,54,
346,group_id,55,
347,text_value,55,
348,source_id,55,
349,group_id,56,
350,text_value,56,
351,source_id,56,
352,last_update,56,
353,user_id,56,
354,excluded,56,
355,share_type_id,56,
356,protect_id,56,
357,group_id,57,
358,user_id,57,
359,text_value,57,
360,source_id,57,
361,last_update,57,
362,excluded,57,
363,share_type_id,57,
364,protect_id,57,
365,phrase_id_1,58,
366,phrase_id_2,58,
367,phrase_id_3,58,
368,phrase_id_4,58,
369,text_value,58,
370,source_id,58,
371,last_update,58,
372,user_id,58,
373,excluded,58,
374,share_type_id,58,
375,protect_id,58,
376,phrase_id_1,59,
377,phrase_id_2,59,
378,phrase_id_3,59,
379,phrase_id_4,59,
380,user_id,59,
381,text_value,59,
382,source_id,59,
383,last_update,59,
384,excluded,59,
385,share_type_id,59,
386,protect_id,59,
387,group_id,60,
388,text_value,60,
389,source_id,60,
390,last_update,60,
391,user_id,60,
392,excluded,60,
393,share_type_id,60,
394,protect_id,60,
395,group_id,61,
396,user_id,61,
397,text_value,61,
398,source_id,61,
399,last_update,61,
400,excluded,61,
401,share_type_id,61,
402,protect_id,61,
403,phrase_id_1,62,
404,phrase_id_2,62,
405,phrase_id_3,62,
406,phrase_id_4,62,
407,time_value,62,
408,source_id,62,
409,group_id,63,
410,time_value,63,
411,source_id,63,
412,group_id,64,
413,time_value,64,
414,source_id,64,
415,last_update,64,
416,user_id,64,
417,excluded,64,
418,share_type_id,64,
419,protect_id,64,
420,group_id,65,
421,user_id,65,
422,time_value,65,
423,source_id,65,
424,last_update,65,
425,excluded,65,
426,share_type_id,65,
427,protect_id,65,
428,phrase_id_1,66,
429,phrase_id_2,66,
430,phrase_id_3,66,
431,phrase_id_4,66,
432,time_value,66,
433,source_id,66,
434,last_update,66,
435,user_id,66,
436,excluded,66,
437,share_type_id,66,
438,protect_id,66,
439,phrase_id_1,67,
440,phrase_id_2,67,
441,phrase_id_3,67,
442,phrase_id_4,67,
443,user_id,67,
444,time_value,67,
445,source_id,67,
446,last_update,67,
447,excluded,67,
448,share_type_id,67,
449,protect_id,67,
450,group_id,68,
451,time_value,68,
452,source_id,68,
453,last_update,68,
454,user_id,68,
455,excluded,68,
456,share_type_id,68,
457,protect_id,68,
458,group_id,69,
459,user_id,69,
460,time_value,69,
461,source_id,69,
462,last_update,69,
463,excluded,69,
464,share_type_id,69,
465,protect_id,69,
466,phrase_id_1,70,
467,phrase_id_2,70,
468,phrase_id_3,70,
469,phrase_id_4,70,
470,geo_value,70,
471,source_id,70,
472,group_id,71,
473,geo_value,71,
474,source_id,71,
475,group_id,72,
476,geo_value,72,
477,source_id,72,
478,last_update,72,
479,user_id,72,
480,excluded,72,
481,share_type_id,72,
482,protect_id,72,
483,group_id,73,
484,user_id,73,
485,geo_value,73,
486,source_id,73,
487,last_update,73,
488,excluded,73,
489,share_type_id,73,
490,protect_id,73,
491,phrase_id_1,74,
492,phrase_id_2,74,
493,phrase_id_3,74,
494,phrase_id_4,74,
495,geo_value,74,
496,source_id,74,
497,last_update,74,
498,user_id,74,
499,excluded,74,
500,share_type_id,74,
501,protect_id,74,
502,phrase_id_1,75,
503,phrase_id_2,75,
504,phrase_id_3,75,
505,phrase_id_4,75,
506,user_id,75,
507,geo_value,75,
508,source_id,75,
509,last_update,75,
510,excluded,75,
511,share_type_id,75,
512,protect_id,75,
513,group_id,76,
514,geo_value,76,
515,source_id,76,
516,last_update,76,
517,user_id,76,
518,excluded,76,
519,share_type_id,76,
520,protect_id,76,
521,group_id,77,
522,user_id,77,
523,geo_value,77,
524,source_id,77,
525,last_update,77,
526,excluded,77,
527,share_type_id,77,
528,protect_id,77,
529,group_id,78,
530,value_time_series_id,78,
531,source_id,78,
532,last_update,78,
533,user_id,78,
534,excluded,78,
535,share_type_id,78,
536,protect_id,78,
537,group_id,79,
538,user_id,79,
539,value_time_series_id,79,
540,source_id,79,
541,last_update,79,
542,excluded,79,
543,share_type_id,79,
544,protect_id,79,
545,phrase_id_1,80,
546,phrase_id_2,80,
547,phrase_id_3,80,
548,phrase_id_4,80,
549,value_time_series_id,80,
550,source_id,80,
551,last_update,80,
552,user_id,80,
553,excluded,80,
554,share_type_id,80,
555,protect_id,80,
556,phrase_id_1,81,
557,phrase_id_2,81,
558,phrase_id_3,81,
559,phrase_id_4,81,
560,user_id,81,
561,value_time_series_id,81,
562,source_id,81,
563,last_update,81,
564,excluded,81,
565,share_type_id,81,
566,protect_id,81,
567,group_id,82,
568,value_time_series_id,82,
569,source_id,82,
570,last_update,82,
571,user_id,82,
572,excluded,82,
573,share_type_id,82,
574,protect_id,82,
575,group_id,83,
576,user_id,83,
577,value_time_series_id,83,
578,source_id,83,
579,last_update,83,
580,excluded,83,
581,share_type_id,83,
582,protect_id,83,
583,value_time_series_id,84,
584,val_time,84,
585,number,84,
586,user_id,85,
587,group_id,85,
588,phrase_id,85,
589,weight,85,
590,link_type_id,85,
591,condition_formula_id,85,
592,element_type_id,87,
593,type_name,87,
594,code_id,87,
595,description,87,
596,object_catalog,87,
597,object_schema,87,
598,object_name,87,
599,object_type,87,
600,collection_type_identifier,87,
601,data_type,87,
602,character_maximum_length,87,
603,character_octet_length,87,
604,character_set_catalog,87,
605,character_set_schema,87,
606,character_set_name,87,
607,collation_catalog,87,
608,collation_schema,87,
609,collation_name,87,
610,numeric_precision,87,
611,numeric_precision_radix,87,
612,numeric_scale,87,
613,datetime_precision,87,
614,interval_type,87,
615,interval_precision,87,
616,domain_default,87,
617,udt_catalog,87,
618,udt_schema,87,
619,udt_name,87,
620,scope_catalog,87,
621,scope_schema,87,
622,scope_name,87,
623,maximum_cardinality,87,
624,dtd_identifier,87,
625,formula_type_id,88,
626,type_name,88,
627,code_id,88,
628,description,88,
629,formula_id,89,
630,user_id,89,
631,formula_name,89,
632,formula_text,89,
633,resolved_text,89,
634,latex,89,
635,description,89,
636,formula_type_id,89,
637,all_values_needed,89,
638,last_update,89,
639,view_id,89,
640,usage,89,
641,impact,89,
642,excluded,89,
643,share_type_id,89,
644,protect_id,89,
645,formula_id,90,
646,user_id,90,
647,formula_name,90,
648,formula_text,90,
649,resolved_text,90,
650,latex,90,
651,description,90,
652,formula_type_id,90,
653,all_values_needed,90,
654,last_update,90,
655,view_id,90,
656,usage,90,
657,impact,90,
658,excluded,90,
659,share_type_id,90,
660,protect_id,90,
661,formula_link_type_id,91,
662,type_name,91,
663,code_id,91,
664,description,91,
665,formula_id,91,
666,phrase_type_id,91,
667,link_type_id,91,
668,formula_link_id,92,
669,user_id,92,
670,formula_link_type_id,92,
671,order_nbr,92,
672,description,92,
673,formula_id,92,
674,phrase_id,92,
675,excluded,92,
676,share_type_id,92,
677,protect_id,92,
678,link_type_id,92,
679,formula_link_id,93,
680,user_id,93,
681,formula_link_type_id,93,
682,order_nbr,93,
683,description,93,
684,excluded,93,
685,share_type_id,93,
686,protect_id,93,
687,link_type_id,93,
688,numeric_value,94,
689,view_type_id,95,
690,type_name,95,
691,code_id,95,
692,description,95,
693,view_style_id,96,
694,view_style_name,96,
695,code_id,96,
696,description,96,
697,view_id,97,
698,user_id,97,
699,view_name,97,
700,description,97,
701,view_type_id,97,
702,view_style_id,97,
703,usage,97,
704,code_id,97,
705,excluded,97,
706,share_type_id,97,
707,protect_id,97,
708,table_catalog,97,
709,table_schema,97,
710,table_name,97,
711,view_definition,97,
712,check_option,97,
713,is_updatable,97,
714,is_insertable_into,97,
715,is_trigger_updatable,97,
716,is_trigger_deletable,97,
717,is_trigger_insertable_into,97,
718,view_id,98,
719,user_id,98,
720,language_id,98,
721,view_name,98,
722,description,98,
723,view_type_id,98,
724,view_style_id,98,
725,usage,98,
726,excluded,98,
727,share_type_id,98,
728,protect_id,98,
729,view_relation_type_id,99,
730,type_name,99,
731,code_id,99,
732,description,99,
733,view_relation_id,100,
734,parent_view_id,100,
735,child_view_id,100,
736,user_id,100,
737,view_relation_type_id,100,
738,start_pos,100,
739,description,100,
740,excluded,100,
741,share_type_id,100,
742,protect_id,100,
743,view_relation_id,101,
744,user_id,101,
745,start_pos,101,
746,description,101,
747,excluded,101,
748,share_type_id,101,
749,protect_id,101,
750,view_relation_type_id,101,
751,view_link_type_id,102,
752,type_name,102,
753,code_id,102,
754,description,102,
755,term_view_id,103,
756,term_id,103,
757,view_id,103,
758,view_link_type_id,103,
759,user_id,103,
760,order_nbr,103,
761,view_style_id,103,
762,description,103,
763,excluded,103,
764,share_type_id,103,
765,protect_id,103,
766,type_id,103,
767,term_view_id,104,
768,user_id,104,
769,view_link_type_id,104,
770,order_nbr,104,
771,view_style_id,104,
772,description,104,
773,excluded,104,
774,share_type_id,104,
775,protect_id,104,
776,component_type_id,105,
777,type_name,105,
778,code_id,105,
779,description,105,
780,component_id,106,
781,user_id,106,
782,component_name,106,
783,description,106,
784,component_type_id,106,
785,view_style_id,106,
786,word_id_row,106,
787,formula_id,106,
788,word_id_col,106,
789,word_id_col2,106,
790,linked_component_id,106,
791,component_link_type_id,106,
792,link_type_id,106,
793,usage,106,
794,code_id,106,
795,ui_msg_code_id,106,
796,ui_msg_code_id_vars,106,
797,ui_msg_code_id_exception,106,
798,ui_msg_value_exception,106,
799,excluded,106,
800,share_type_id,106,
801,protect_id,106,
802,component_id,107,
803,user_id,107,
804,component_name,107,
805,description,107,
806,component_type_id,107,
807,view_style_id,107,
808,word_id_row,107,
809,formula_id,107,
810,word_id_col,107,
811,word_id_col2,107,
812,linked_component_id,107,
813,component_link_type_id,107,
814,link_type_id,107,
815,usage,107,
816,excluded,107,
817,share_type_id,107,
818,protect_id,107,
819,component_link_type_id,108,
820,type_name,108,
821,code_id,108,
822,description,108,
823,position_type_id,109,
824,type_name,109,
825,code_id,109,
826,description,109,
827,component_link_id,110,
828,view_id,110,
829,component_id,110,
830,user_id,110,
831,order_nbr,110,
832,component_link_type_id,110,
833,position_type_id,110,
834,view_style_id,110,
835,excluded,110,
836,share_type_id,110,
837,protect_id,110,
838,component_link_id,111,
839,user_id,111,
840,order_nbr,111,
841,component_link_type_id,111,
842,position_type_id,111,
843,view_style_id,111,
844,excluded,111,
845,share_type_id,111,
846,protect_id,111,
847,ip_from_ip_to,112,
848,ip_range_id,113,
849,ip_range_key,113,
850,ip_from,113,
851,ip_to,113,
852,reason,113,
853,is_active,113,
854,pod_type_id,114,
855,type_name,114,
856,code_id,114,
857,description,114,
858,pod_status_id,115,
859,type_name,115,
860,code_id,115,
861,description,115,
862,pod_id,116,
863,type_name,116,
864,code_id,116,
865,description,116,
866,pod_type_id,116,
867,pod_url,116,
868,pod_status_id,116,
869,param_triple_id,116,
870,job_type_id,117,
871,type_name,117,
872,code_id,117,
873,description,117,
874,job_status_id,118,
875,status_name,118,
876,code_id,118,
877,description,118,
878,priority,118,
879,job_time_id,119,
880,schedule,119,
881,job_type_id,119,
882,user_id,119,
883,start,119,
884,parameter,119,
885,system_time_type_id,120,
886,type_name,120,
887,code_id,120,
888,description,120,
889,type_id,121,
890,type_name,121,
891,code_id,121,
892,description,121,
893,status_id,122,
894,status_name,122,
895,code_id,122,
896,description,122,
897,db_cache_id,123,
898,type_id,123,
899,data,123,
900,user_id,123,
901,status_id,123,
902,last_update,123,
903,db_cache_page_id,124,
904,url,124,
905,html_page,124,
906,last_update,124,
907,group_msg_code_id,32,
908,wikipedia,32,