component_type_id, type_name, description, code_id
1, 'system title', 'title of a fixed system view where the user can only change the order of the components', 'system_title'
2, 'system form title', 'a form title only allowed for system views where the user can only change the order', 'system_form_title'
3, 'system sub title', 'sub title also used for system views', 'system_sub_title'
4, 'system sub title var', 'sub title with a variable number also used for system views', 'system_sub_title_var'
5, 'system title with object name', 'page title that shows the translated object word of the component and the name of the shown object e.g. Verb "is a"', 'system_title_with_object_name'
6, 'title of named with edit link', 'shows the object name as a page title with a link to the edit view; the name is rendered in the user frontend language by loading the same object in that language once the sandbox language field is added', 'title_of_named_with_edit_link'
7, 'phrase title', 'show the phrase name as the page title with the subheader of a word (the related phrases) or of a triple (the from, verb and to with links), plus the edit link', 'phrase_title'
8, 'title of triple with edit link', 'show the from, verb and to of a triple with links as the page title plus the edit link and subtitle', 'title_of_triple_with_edit_link'
9, 'title of formula with edit link', 'show the formula name as the page title and the assigned phrases with links in the subtitle plus the edit link', 'title_of_formula_with_edit_link'
10, 'title of value with edit link', 'show the related phrases of a value with links as the page title and the value itself plus the edit link and the share and protection subtitle', 'title_of_value_with_edit_link'
11, 'link title', 'show the generated name of a link object as the page title and the two linked objects with links in the subtitle', 'title_of_link_with_edit_link'
12, 'related system view selector', 'the "..." below the title that opens the menu to show the same object in the default, detail, range or detail with range view', 'related_system_view_selector'
13, 'system form hidden back stack', 'the hidden form field with the back stack only allowed for system views where the user can only change the order', 'system_form_back_stack'
14, 'system form confirm status', 'the hidden form field for the user confirm status only allowed for system views where the user can only change the order', 'system_form_confirm_status'
15, 'button save', 'a button of a form to save the changes to the database', 'system_button_save'
16, 'button cancel', 'a button of a form to cancel the form action', 'system_button_cancel'
17, 'button confirm', 'a button of a form to confirm the change before it is written to the database', 'system_button_confirm'
18, 'button delete', 'a button of a form to delete or exclude a word, triple, verb, value, formula view or component', 'system_button_del'
19, 'form end', 'just to indicate that a form ends', 'form_end'
20, 'button request new', 'show a button to request a new e.g. type item that needs to be confirmed and / or modified by an admin', 'button_request'
21, 'row start', 'combine the next elements to one row', 'row_start'
22, 'formatter row center', 'to start a new row and center the following components in one row until the row end is triggered', 'row_center'
23, 'row right', 'combine the next elements to one row and align to the right', 'row_right'
24, 'row end', 'just to indicate that a row ends', 'row_end'
25, 'view tab box', 'a tab box with the related views (preview plus open and switch buttons) and the change log of the shown object', 'view_tab_box'
26, 'system change log', 'show the change log of this object', 'change_log'
27, 'change log table pure', 'a borderless change log table with the three columns when, who and what limited to a config char count', 'invisible_change_log_table'
28, 'system usage', 'show where this object has been used', 'usage'
29, 'used in as text', 'text of the views where e.g. this component is used with the tooltip', 'used_in_as_text'
30, 'used in as text with link', 'text of the views where e.g. this component is used with the link to the view', 'used_in_as_text_with_link'
31, 'all user overwrites', 'show all changes that the shown user has written to the user sandbox tables e.g. the word overwrites', 'all_user_overwrites'
32, 'word name', 'show the word name and give the user the possibility to change the word name', 'phrase_name'
33, 'fixed word', 'show the user-specific name of a word or a triple as a text', 'phrase'
34, 'linked word', 'display a word and offer a link', 'link'
35, 'text', 'simply to display a variable text', 'text'
36, 'term name', 'show the name of a word, triple, verb or formula and give the user the possibility to change the name', 'term_name'
37, 'triple name', 'show the name of a triple and give the admin user the possibility to change the name', 'triple_name'
38, 'verb name', 'show the name of a verb and give the admin user the possibility to change the name', 'verb_name'
39, 'source name', 'show the name of a source and give the admin user the possibility to change the name', 'source_name'
40, 'reference name', 'show the name of a reference and give the admin user the possibility to change the name', 'reference_name'
41, 'language name', 'show the name of a language and give the admin user the possibility to change the name', 'language_name'
42, 'phrase aliases', 'show the phrases that are an alias of the given phrase e.g. has aliases: $ and U.S. dollar for US dollar', 'phrase_aliases'
43, 'phrase symbols', 'show the symbols of the given phrase e.g. has symbol: USD for US dollar', 'phrase_symbols'
44, 'phrases with details related to', 'show the related phrase with as much details as fit to the screen', 'phrases_related'
45, 'phrases with details on 1/3 screen', 'show a number of related phrases with so many details that it fits 1/3 of the screen; the number of related phrases if taken from the user configuration var selections/target', 'phrases_related_1/3'
46, 'related triples', 'show the triples that link to the given word e.g. the children by the verb is a', 'list_children_of_word'
47, 'parents of this word', 'lists of words or triples lead to this word e.g. at least city and canton if this word is Zurich', 'list_parents_of_word'
48, 'related phrases without symbols', 'list of phrases related to the given phrase excluding the alias and symbol entries', 'list_phrases_related_ex_symbols'
49, 'related phrases without subtitles', 'list of phrases related to the given phrase excluding the alias, symbol and is a entries that are already shown by the alias, symbol and subtitle components', 'list_phrases_related_ex_subtitle'
50, 'word list up', 'Show a list of words related with a specified verb e.g. for the triple <canton of Zurich> show the word <canton>, because they are linked with verb <is a>', 'word_list_up'
51, 'word list down', 'Show a list of words related with a specified verb e.g. for word <canton> list <canton of Zurich> and others, because they are linked with verb <is a>', 'word_list_down'
52, 'verb usage', 'display the triples where a verb is used', 'triples_by_verb'
53, 'words or triples linked to formula', 'words or triples that are linked to this formula', 'list_phrases_of_formula'
54, 'values related to', 'display all values that are related to a defined term', 'values_related'
55, 'table with related columns', 'show the values related to a phrase as a table with one column per phrase used most often within the values and one row per remaining phrase combination', 'table_with_related_columns'
56, 'values in columns', 'show the values related to a phrase in up to four columns that wrap on narrow screens, each column headed by one of the phrases used most often within these values', 'values_in_columns'
57, 'most relevant values', 'grouped list of the most relevant values related to this word: newest time period first, then the phrases used by several values, then the remaining values by impact', 'values_most_relevant'
58, 'value chart', 'show a chart of the most relevant values by impact on top of the value list', 'value_chart'
59, 'main value', 'show the main values related to the given term', 'main_value'
60, 'all relations', 'show the complete list of all relations', 'values_all'
61, 'word value list', 'A list of words with some key values e.g. a company list with the PE ratio', 'word_value_list'
62, 'values by triple', 'list of values which use a given triple', 'values_by_triple'
63, 'values by source', 'list of values which use a given source', 'values_by_source'
64, 'values similar', 'show the values that share a phrase with the shown value sorted by impact e.g. the other mathematical constants of pi', 'values_similar'
65, 'numeric value', 'show the numeric value', 'value_numeric'
66, 'group name', 'show the group name', 'group_name'
67, 'group or phrase list', 'show the group name or a list of phrase names', 'group_or_phrase_list'
68, 'spreadsheet', 'spreadsheet that allows calculations by adding formulas to cells', 'calc_sheet'
69, 'results related to', 'display all results that are related to a defined term', 'results_related'
70, 'word results', 'show the results related to a word', 'word_results'
71, 'formula results', 'show the results of a formula', 'formula_results'
72, 'result list', 'list of results related to a phrase or calculated by this formula', 'result_list'
73, 'results of value', 'show the results that use the shown value e.g. the increase calculated from it', 'results_by_value'
74, 'values used', 'show the values that the calculation of the shown result has used e.g. the inhabitants that an increase is based on', 'values_used'
75, 'formulas used', 'show the formulas that have calculated the results used for the shown result', 'formulas_used'
76, 'results used', 'show the results that the calculation of the shown result has used e.g. the increase used by a growth rate', 'results_used'
77, 'show result value', 'show the calculated number of a result behind its phrase group with links', 'system_show_result_value'
78, 'show result formula', 'show the formula that calculated a result with a link to the formula', 'system_show_result_formula'
79, 'show result expression', 'show the formula of the shown result with the numbers used, each linked to its value or result', 'system_show_result_expression'
80, 'results that changes', 'list of results that changes if the user confirms the change', 'system_show_result_diff'
81, 'formulas', 'show all related formulas', 'formula_list'
82, 'formula list', 'changeable list of formulas related to this word', 'formula_list_changeable'
83, 'formulas by verb', 'list of formulas which use a given verb', 'formulas_by_verb'
84, 'formulas of parents', 'list of formulas assigned to the ancestor phrases of a word, grouped per ancestor', 'formulas_of_parents'
85, 'expression', 'display expression of a formula', 'expression'
86, 'expression with links', 'show the formula expression with a tooltip and a link for each term', 'expression_link'
87, 'expression latex link', 'display the formula expression in the latex format with a tooltip and a link for each term', 'expression_latex_link'
88, 'latex with links in a form', 'show the formula latex beside the latex field with a tooltip and a link for each term', 'expression_latex_link_form'
89, 'show name', 'show the object name without link or form field', 'system_show_field_name'
90, 'show name center', 'show the object name big in the center without link or form field', 'system_show_field_name_big'
91, 'show description', 'show the object description without link or form field', 'system_show_field_description'
92, 'show plural', 'show the plural form of a word without link or form field', 'system_show_field_plural'
93, 'show reverse', 'show the reverse name of a verb without link or form field', 'system_show_field_reverse'
94, 'show plural reverse', 'show the plural reverse name of a verb without link or form field', 'system_show_field_plural_reverse'
95, 'show name in formulas', 'show the verb name used in formulas without link or form field', 'system_show_field_name_in_formulas'
96, 'show phrase type', 'show the phrase type name of a word without link or form field', 'system_show_field_phrase_type'
97, 'show style', 'show the name of the display style of a view or component without link or form field', 'system_show_field_style'
98, 'show owner', 'show the name of the user who owns the object without link or form field', 'system_show_field_owner'
99, 'show weight', 'show the weight of a triple without link or form field', 'system_show_field_weight'
100, 'show condition formula', 'show the formula that decides if a triple is used with a link to the formula', 'system_show_field_condition_formula'
101, 'show source', 'show the source of a value with a link to the source', 'system_show_field_source'
102, 'show last update', 'show the time when a value has been updated by the user or a calculation job', 'system_show_field_last_update'
103, 'show impact', 'show the system calculated impact of a reference without link or form field', 'system_show_field_impact'
104, 'system show field usage', 'the value usage as read only', 'system_show_field_usage'
105, 'show link type', 'show the name of the link type of a link without link or form field', 'system_show_field_link_type'
106, 'show order number', 'show the order number of a link without link or form field', 'system_show_field_order_nbr'
107, 'show linked component', 'show the component that the shown component links to with the type of that link and a link to the linked component', 'system_show_field_linked_component'
108, 'show formula', 'show the name of the calculation formula of a component with a link to the formula', 'system_show_field_formula'
109, 'show row phrase', 'show the name of the row phrase of a component with a link to the phrase', 'system_show_field_phrase_row'
110, 'show column phrase', 'show the name of the column phrase of a component with a link to the phrase', 'system_show_field_phrase_col'
111, 'show sub column phrase', 'show the name of the sub column phrase of a component with a link to the phrase', 'system_show_field_phrase_col_sub'
112, 'show all values needed', 'show if a formula only calculates when all used values exist', 'system_show_field_formula_all_vars'
113, 'show reference type', 'show the reference type as read only', 'system_show_field_ref_type'
114, 'show external key', 'show the external key of a reference as read only', 'system_show_field_ref_key'
115, 'show reference source', 'show the reference source name of a reference as read only', 'system_show_field_ref_source'
116, 'show reference url', 'show the reference url of a reference as read only', 'system_show_field_ref_url'
117, 'show reference phrase', 'show the word or triple a reference belongs to with a link to the phrase', 'system_show_field_ref_phrase'
118, 'source url link', 'show the url of a source behind its label as a link to the source', 'source_url_link'
119, 'source doi link', 'show the doi of a source behind its label as a link to doi.org', 'source_doi_link'
120, 'field language symbol', 'show the language symbol', 'field_language_symbol'
121, 'form field name', 'the form field for the name of a word or formula', 'system_form_field_name'
122, 'form field description', 'the form field for the description of a word or formula', 'system_form_field_description'
123, 'form field plural', 'fixed form field for the language form plural', 'system_form_field_plural'
124, 'form field reverse', 'fixed form field for the language form reverse', 'system_form_field_reverse'
125, 'form field plural reverse', 'fixed form field for the language form plural reverse', 'system_form_field_plural_reverse'
126, 'form field formula name', 'the form field for the verb name used in formulas', 'system_form_field_name_in_formulas'
127, 'form field weight', 'fixed form field for the triple weight', 'system_form_field_weight'
128, 'code id field', 'the code id field in a form, only shown to a user whose profile may change the code id', 'system_form_field_code_id'
129, 'ui message fields', 'the user interface message link fields in a form, only shown to a user whose profile may change the code id', 'system_form_field_ui_msg'
130, 'system form field formula text', 'the form field for the formula expression', 'system_form_field_formula_expression'
131, 'system form field latex', 'the form field for the formula in the latex format', 'system_form_field_formula_latex'
132, 'form field name formula all', 'the form flag to set the formula to need all variables for a valid result', 'system_form_field_formula_all_vars'
133, 'system form field value', 'the numeric value field in a form', 'system_form_field_value'
134, 'system form field group', 'the group name field in a form', 'system_form_field_group'
135, 'system form field group or phrase list', 'a form field for the group name or a list of phrase names', 'system_form_field_group_or_phrase_list'
136, 'system form field source group', 'the result source group name field in a form', 'system_form_field_source_group'
137, 'system form field source group or phrase list', 'a form field for the source group name or a list of phrase names', 'system_form_field_source_group_or_phrase_list'
138, 'system form field url', 'the url field in a form', 'system_form_field_url'
139, 'system form field doi', 'the doi field in a form', 'system_form_field_doi'
140, 'form field external key of reference', 'the reference external key form field in a form', 'system_form_field_external_key'
141, 'system form field selection name', 'the unique name of a selection', 'system_form_selection_name'
142, 'system form field selection description', 'text that explains this selection', 'system_form_selection_description'
143, 'system form field selection text', 'free text field to define a selection', 'system_form_selection_text'
144, 'form select phrase', 'the form field to select one word or triple', 'form_select_phrase'
145, 'system form select multi phrases', 'select one or many words and triples', 'form_select_multi_phrases'
146, 'word selector', 'to select a word or triple', 'select_phrase'
147, 'form select verb', 'the form field to select a verb', 'form_select_verb'
148, 'system form select multi verbs', 'select one or many verbs', 'form_select_multi_verbs'
149, 'system form select term', 'select one term', 'form_select_term'
150, 'system form select multi terms', 'select one or many words, verbs, triples and formulas', 'form_select_multi_terms'
151, 'system form select formula', 'select one formula', 'form_select_formula'
152, 'system form select multi formulas', 'select one or many formulas', 'form_select_multi_formulas'
153, 'system form select value', 'select one value', 'form_select_value'
154, 'system form select multi values', 'select one or many values', 'form_select_multi_values'
155, 'system form select result', 'select one result', 'form_select_result'
156, 'system form select multi results', 'select one or many results', 'form_select_multi_results'
157, 'form select source', 'the form field to select a source', 'form_select_source'
158, 'form select multi source', 'select one or many sources', 'form_select_multi_sources'
159, 'form select ref', 'the form field to select a reference', 'form_select_ref'
160, 'form select multi ref', 'select one or many references', 'form_select_multi_refs'
161, 'system form select view', 'select the default view in a system mask', 'form_select_view'
162, 'view selector', 'to select an existing mask e.g. to set the default view', 'select_view'
163, 'system form select view default', 'selector for the default view to show this object to the user e.g. the word physics should be shown with the view science', 'form_select_view_default'
164, 'system form select multi views', 'select one or many views', 'form_select_multi_views'
165, 'system form select component', 'select one component', 'form_select_component'
166, 'system form select multi components', 'select one or many components', 'form_select_multi_components'
167, 'system form select parent view', 'select the parent view for a view relation', 'form_select_parent_view'
168, 'system form select child view', 'select the child view for a view relation', 'form_select_child_view'
169, 'form field phrase type', 'the phrase type field in a form', 'form_select_phrase_type'
170, 'form field share type', 'the share type field in a form', 'form_select_share'
171, 'form field protection type', 'the protection type field in a form', 'form_select_protection'
172, 'form field value type', 'the value type field in a form', 'form_select_value_type'
173, 'system form select source type', 'the source type field in a form', 'form_select_source_type'
174, 'system form select reference type', 'selector for the reference type', 'form_select_ref_type'
175, 'system form select formula type', 'selector for the formula type', 'form_select_formula_type'
176, 'system form select view type', 'selector for the view type', 'form_select_view_type'
177, 'system form select view style', 'selector for the view style', 'form_select_view_style'
178, 'system form select component type', 'selector for the component type', 'form_select_component_type'
179, 'system form select component style', 'selector for the component style', 'form_select_component_style'
180, 'system form select component link type', 'system form field to select the type that a component is linked to a view', 'form_select_component_link_type'
181, 'system form select formula link type', 'system form field to select the type that a formula is linked to a phrase', 'form_select_formula_link_type'
182, 'system form select view link type', 'system form field to select the type that a view is linked to a term', 'form_select_view_link_type'
183, 'system form select component position type', 'selector for the position type of a component to a view', 'form_select_component_position_type'
184, 'system form select view relation type', 'selector for the view relation type', 'form_select_view_relation_type'
185, 'system form view link priority', 'to set the priority of the view link', 'form_select_view_link_priority'
186, 'system form component link position', 'to set the position of the component link', 'form_select_component_link_order_number'
187, 'system form select formula link priority', 'to set the priority of the formula link', 'form_select_formula_link_priority'
188, 'system form select view relation start position', 'the position where the modifications of the child view should start', 'system_form_field_view_relation_start_pos'
189, 'system form link table', 'show the linked views as a table with the possibility to add or remove a view', 'system_form_link_table'
190, 'system form link list', 'changeable list of links', 'link_list'
191, 'system form ref list', 'changeable list of reference', 'ref_list'
192, 'views', 'show all views linked to here', 'view_list'
193, 'terms of view', 'show the terms that use the shown view e.g. for the used by column of the view add and edit pages', 'terms_of_view'
194, 'view components', 'the components of the shown view sorted by their position with a link to each component', 'components_of_view'
195, 'component views', 'the views that use the shown component with a link to each view', 'views_of_component'
196, 'system field parent view', 'show the name of the parent view e.g. of a view relation', 'system_show_parent_view'
197, 'system field child view', 'show the name of the child view e.g. of a view relation', 'system_show_child_view'
198, 'system field relation type', 'show the view relation type', 'system_show_view_relation_type'
199, 'system field view modification start position', 'show the position where the modification should start', 'system_show_view_start_pos'
200, 'system form preview', 'preview if view component is changed based on a selectable sample object', 'system_form_preview'
201, 'system view before change', 'show the view like it is without the changes', 'system_show_before_change'
202, 'system preview after change', 'show a preview if the changes are confirmed', 'system_show_after_change'
203, 'view differences', 'highlight the differences due to a change to the user', 'system_show_view_diff'
204, 'popup title', 'for the universal confirmation popup show title of the action', 'system_title_named_object'
205, 'popup object', 'for the universal confirmation popup show e.g. word, value, formula depending on the object that is changed', 'form_class'
206, 'popup changes', 'for the universal confirmation popup show the changes', 'form_changes'
207, 'popup impact', 'for the universal confirmation popup show the impact of the changes', 'form_impact'
208, 'system form word add simple', 'add a word by its name without the confirm view if no term with the same name exists', 'system_form_word_add_simple'
209, 'system form triple add simple', 'add a triple by its name without the confirm view if no term with the same name exists', 'system_form_triple_add_simple'
210, 'system form value add simple', 'select the phrases of a new value step by step and add the value with the number without the confirm view', 'system_form_value_add_simple'
211, 'system form phrase steps', 'select the phrases of a new value one after the other by checking the typed name or the first chars of a word or triple', 'system_form_phrase_steps'
212, 'system form phrase value line', 'the phrases, the value type and the value of a new value in one line of the detailed value add form', 'system_form_phrase_value_line'
213, 'system form value overwrite', 'change the number, text, time or geolocation of a value or the number of a result for the user without the confirm view', 'system_form_value_overwrite'
214, 'export json', 'to define the main phrase, the column and row for the JSON export', 'export_json'
215, 'export xml', 'to define the main phrase, the column and row for the XML export', 'export_xml'
216, 'export csv', 'to define the main phrase, the column and row for the CSV export', 'export_csv'
217, 'export ods', 'to define the main phrase, the column and row for the ODS export', 'export_ods'
218, 'JSON Export', 'To start or configure the JSON export', 'json_export'
219, 'XML export', 'offer to configure and start the XML export of a phrase and all related words, numbers and formulas', 'xml_export'
220, 'CSV export', 'to define the main phrase, the column and row for the CSV export', 'csv_export'
221, 'system form select export format', 'selector for the export format e.g. json', 'form_select_export_format'
222, 'system button export', 'button to start the export', 'system_button_export'
223, 'system form select file', 'selector for a file to import', 'form_select_file'
224, 'system button import', 'button to start the import', 'system_button_import'
225, 'context for table import', 'show the context used to import a data table', 'system_paste_table_context'
226, 'drop area for data import', 'show the drop fields to import a data table', 'system_paste_table_body'
227, 'selection page', 'show a list e.g. of languages and let the user pick on that should be used', 'select_list'
228, 'selection name', 'show the description of a named selection', 'system_selection_text'
229, 'ranking list', 'list sorted by the calculated ranking', 'ranking_list'
230, 'ranking parameters', 'the parameters used to calculate a ranking', 'ranking_parameters'
231, 'system about', 'the fixed system about html page body', 'system_body_about'
232, 'system setup', 'the fixed system setup html page body', 'system_body_setup'
233, 'system signup', 'the fixed system signup html page body', 'system_body_signup'
234, 'system login', 'the fixed system login html page body', 'system_body_login'
235, 'system activate', 'the fixed system activate html page body', 'system_body_login_activate'
236, 'system reset', 'the fixed system reset html page body', 'system_body_login_reset'
237, 'system logout', 'the fixed system logout html page body', 'system_body_logout'
238, 'system user settings', 'the fixed system user settings html page body', 'system_body_user_settings'
239, 'system search', 'the fixed system search html page body', 'system_body_search'
240, 'system search full', 'the fixed system search full html page body', 'system_body_search_full'
241, 'system value detail', 'the fixed system value detail html page body', 'system_body_value_detail'
242, 'system result explain', 'the fixed system result explain html page body', 'system_body_result_explain'
243, 'system formula test', 'the fixed system formula test html page body', 'system_body_formula_test'
244, 'system sandbox', 'the fixed system sandbox html page body', 'system_body_sandbox'
245, 'system undo', 'the fixed system undo html page body', 'system_body_undo'
246, 'system body error log', 'show the body of the error log page', 'system_body_error_log'
247, 'system body error update', 'show the body of the error update page', 'system_body_error_update'
248, 'system process', 'the fixed system process html page body', 'system_body_process'
249, 'system body process progress', 'show the progress of one process', 'system_body_process_progress'
250, 'system body process list', 'show the progress of all processes', 'system_body_process_list'
251, 'system body user jobs', 'the jobs of the requesting user with the pending jobs on top and the buttons to downgrade or cancel a job', 'system_body_user_jobs'
252, 'system body all jobs', 'the jobs of all users for an admin with the pending jobs on top and the buttons to up- or downgrade or cancel a job', 'system_body_all_jobs'
253, 'system body not yet available', 'the body of a system view whose data and actions are not yet implemented', 'system_body_not_yet_available'
254, 'user system errors', 'show the most relevant open system errors linked to the user', 'user_system_errors'
255, 'admin form field username', 'the user name in admin form so that the name can be overwritten', 'admin_form_field_username'
256, 'admin form field user email', 'the user email in admin form so that the email can be overwritten', 'admin_form_field_user_email'
257, 'admin form field user password', 'the user password in admin form so that the password can be overwritten', 'admin_form_field_user_password'
258, 'admin form field user uses sandbox', 'checkbox in the admin form so that an admin can switch if the pages for the user must be created from the user sandbox', 'admin_form_field_user_uses_sandbox'
259, 'admin form field language symbol', 'form field for admin users only to add or change the language symbol', 'admin_form_field_language_symbol'
260, 'system admin response times', 'show the most relevant delays in response to user request', 'system_admin_url_delay'
261, 'system admin failed logins', 'show last and most critical failed login trails to be able to detect hacking attempts', 'system_admin_login_fails'
262, 'system admin unassigned errors', 'show new detected internal errors that do not yet have a human check priority and that are not yet assigned to a developer', 'system_admin_errors_unassigned'
263, 'system admin pending error fixes', 'show a list of errors where the fix has been expected but that are not yet fixed', 'system_admin_errors_delayed_fix'
264, 'system admin delayed jobs', 'list of critical jobs that are delayed with the possibility to de-prioritise blocking jobs', 'system_admin_jobs_delayed'
