phrase_type_id, type_name, description, code_id, scaling_factor, symbol
1, 'standard', 'for words that need no special behaviour', 'default', NULL, ''
2, 'measure unit', 'a unit word such as metre, kilogram, ... in which a number is stated', 'measure_unit', NULL, ''
3, 'measure non unit', 'what is measured e.g. GDP, which describes the number like a unit so that it heads no row or column of a value table, but is not the unit the number is stated in', 'measure_non_unit', NULL, ''
4, 'measure divisor', 'a measure divisor like per year, per kg, ...', 'measure_divisor', NULL, ''
5, 'scaled measure', 'a combination of scaling and measure e.g. 100ml', 'scaled_measure', 0, ''
6, 'scaling', 'a scaling word such as millions, one, ...', 'scaling', NULL, ''
7, 'hidden scaling', '"one" is needed as a scaling word for correct calculations, but it is not useful to display it', 'scaling_hidden', NULL, ''
8, 'scaling factor', 'a phrase that marks the number as a factor so that the number is shown with an x behind it e.g. 13.2 x', 'factor', NULL, 'x'
9, 'format percent', 'terms that force the result to be formatted in percent', 'percent', NULL, ''
10, 'scaling word percent', 'all words that represent percent', 'scaling_percent', 100, '%'
11, 'time', 'A time word defines the time period for which a value is valid and values with a time can be used to display time series.', 'time', NULL, ''
12, 'time number', 'A numeric time word that defines the time period for which a value is valid and values with a time can be used to display time series and where the order can be defined automatically based on the numeric value e.g. year 2025 or month 6.', 'time_number', NULL, ''
13, 'time jump', 'these terms describe a change of a timestamp term', 'time_jump', NULL, ''
14, 'latest', 'to select the latest value by a time jump type e.g. latest year', 'latest', NULL, ''
15, 'this', 'not sure, why this is needed', 'this', NULL, ''
16, 'next', 'not sure, why this is needed', 'next', NULL, ''
17, 'prior', 'not sure, why this is needed', 'previous', NULL, ''
18, 'value quality', 'how a number has been found e.g. assumed, official statistics or double-blind randomized controlled trial, so that a value tagged with it shows how far it can be trusted', 'value_quality', NULL, ''
19, 'value status', 'what happened to a number after it has been found e.g. disputed, retracted, superseded or outdated, which is shown next to the value quality, because a value of any quality can lose its validity', 'value_status', NULL, ''
20, 'math constant', 'A mathematical constant is a key number whose value is fixed by an unambiguous definition', 'constant', 0, ''
21, 'formula link', 'A term with the same name as a formula, because some values can be calculated and can nevertheless be overwritten', 'formula_link', NULL, ''
22, 'calc', 'a calculated word in R; e.g. this year returns always a different term', NULL, NULL, ''
23, 'unique key', 'a key that identifies exactly one item worldwide e.g. the ISBN of a book, the ISIN of a security or the EAN of a product, so that the item can be found in other systems by this key', 'unique_key', NULL, ''
24, 'key', 'force faster search and if two keys are connected with the verb is all child values are expected to be equal', 'key', NULL, ''
25, 'information', 'this phrase is used mainly for information purpose and for the selection the program tries to another search without this phrase', 'information', NULL, ''
26, 'group and select', 'words used to group and select other words to shorten the selection', 'group', NULL, ''
27, 'differentiator filler', 'these terms are used to fill up a differentiator list, so most likely the term linked will be named "other"', 'type_other', NULL, ''
28, 'hidden triple', 'this triple should not be included in selection list because the triple is identical with the from word and is only added to assign behavior to the word', 'hidden_triple', NULL, ''
29, 'hidden system', 'these words and triple are used e.g. for the system configuration and should not be included in standard selection list because the values are only internal and are shown in separate predefined views', 'hidden_system', NULL, ''
30, 'view / layer', 'word to separate the number layers and to change the view.\r\nE.g. -as reported- are exactly the numbers as they come from the external source\r\n-detailed- are the most granular splitting of the -as reported- numbers\r\n-projection- show the changes and includes the estimates to make a forecast\r\n', 'view', NULL, ''
31, 'symbol', 'words that indicate e.g. that a table column contains a symbol', 'symbol', NULL, ''
32, 'rank', 'words that indicate e.g. that a table column contains a ranking number', 'rank', NULL, ''
33, 'ignore', 'words that indicate e.g. to set column names to be excluded from the import', 'ignore', NULL, ''
